time/fps,rollout/ep_len_mean,rollout/exploration_rate,rollout/ep_rew_mean,train/loss,time/time_elapsed,train/n_updates,train/learning_rate,time/total_timesteps,time/episodes
1586,421.0,0.9200100000000002,-18945.4,7.130137920379639,0,80,0.001,421,1
2587,460.5,0.8250100000000001,-18794.85,2.941455364227295,0,205,0.001,921,2
3183,473.6666666666667,0.73001,-17849.13333333333,2.749256134033203,0,330,0.001,1421,3
3576,480.25,0.6350099999999999,-15267.925,3.8836636543273926,0,455,0.001,1921,4
3213,484.2,0.5400099999999999,-13775.38,2.5526509284973145,0,580,0.001,2421,5
3242,486.8333333333333,0.4450099999999998,-12279.716666666665,2.8083386421203613,0,705,0.001,2921,6
3426,488.7142857142857,0.3500099999999997,-11354.82857142857,2.4064197540283203,0,830,0.001,3421,7
3572,490.125,0.2550099999999996,-10718.0,1.7244232892990112,1,955,0.001,3921,8
3675,491.22222222222223,0.16001000000000054,-10129.633333333333,2.3882367610931396,1,1080,0.001,4421,9
3672,492.1,0.06501000000000057,-9419.57,1.9151923656463623,1,1205,0.001,4921,10
3748,492.8181818181818,0.05,-9245.718181818182,1.9413396120071411,1,1330,0.001,5421,11
3815,493.4166666666667,0.05,-8969.791666666666,1.5486682653427124,1,1455,0.001,5921,12
3872,493.9230769230769,0.05,-8895.353846153846,1.8307759761810303,1,1580,0.001,6421,13
3921,494.35714285714283,0.05,-8849.757142857143,1.096102237701416,1,1705,0.001,6921,14
3949,484.0,0.05,-8828.56,2.261737823486328,1,1789,0.001,7260,15
3991,485.0,0.05,-8790.1375,1.5236530303955078,1,1914,0.001,7760,16
4027,485.88235294117646,0.05,-8790.011764705883,1.78286612033844,2,2039,0.001,8260,17
4040,470.55555555555554,0.05,-8557.95,1.6578985452651978,2,2092,0.001,8470,18
4069,472.10526315789474,0.05,-8592.336842105264,1.4130702018737793,2,2217,0.001,8970,19
4099,473.5,0.05,-8539.345,1.290358543395996,2,2342,0.001,9470,20
4124,474.76190476190476,0.05,-8536.209523809524,1.3701632022857666,2,2467,0.001,9970,21
4128,458.6818181818182,0.05,-8355.063636363637,6.1725993156433105,2,2497,0.001,10091,22
4130,440.95652173913044,0.05,-8119.099999999999,2.80686092376709,2,2510,0.001,10142,23
4156,443.4166666666667,0.05,-7875.925,2.568857192993164,2,2635,0.001,10642,24
4180,445.68,0.05,-7629.7480000000005,2.1795496940612793,2,2760,0.001,11142,25
4201,447.7692307692308,0.05,-7401.461538461538,2.096540689468384,2,2885,0.001,11642,26
4217,449.7037037037037,0.05,-7187.322222222223,2.051422595977783,2,3010,0.001,12142,27
4233,451.5,0.05,-6987.175000000001,1.6660548448562622,2,3135,0.001,12642,28
4249,453.17241379310343,0.05,-6808.168965517242,2.4838175773620605,3,3260,0.001,13142,29
4266,454.73333333333335,0.05,-6636.656666666667,2.5129969120025635,3,3385,0.001,13642,30
4280,456.19354838709677,0.05,-6467.4548387096775,2.260237455368042,3,3510,0.001,14142,31
4281,457.5625,0.05,-6318.178125,2.0745325088500977,3,3635,0.001,14642,32
4292,458.8484848484849,0.05,-6171.721212121212,1.9669468402862549,3,3760,0.001,15142,33
4281,460.05882352941177,0.05,-6033.2235294117645,1.3302688598632812,3,3885,0.001,15642,34
4291,461.2,0.05,-5901.34,2.408353805541992,3,4010,0.001,16142,35
4300,462.27777777777777,0.05,-5777.43611111111,1.7010667324066162,3,4135,0.001,16642,36
4314,463.2972972972973,0.05,-5659.4,1.7612718343734741,3,4260,0.001,17142,37
4327,464.2631578947368,0.05,-5555.505263157895,1.7565853595733643,4,4385,0.001,17642,38
4339,465.1794871794872,0.05,-5453.505128205128,1.8770134449005127,4,4510,0.001,18142,39
4352,466.05,0.05,-5355.3275,1.6491825580596924,4,4635,0.001,18642,40
4363,466.8780487804878,0.05,-5266.356097560976,2.1183698177337646,4,4760,0.001,19142,41
4372,467.6666666666667,0.05,-5180.266666666667,2.013637065887451,4,4885,0.001,19642,42
4382,468.4186046511628,0.05,-5094.681395348837,2.9796884059906006,4,5010,0.001,20142,43
4391,469.1363636363636,0.05,-5002.968181818182,3.043165683746338,4,5135,0.001,20642,44
4402,469.8222222222222,0.05,-4914.993333333334,3.5232110023498535,4,5260,0.001,21142,45
4411,470.4782608695652,0.05,-4832.484782608696,2.0138275623321533,4,5385,0.001,21642,46
4420,471.1063829787234,0.05,-4752.359574468085,2.289320468902588,5,5510,0.001,22142,47
4429,471.7083333333333,0.05,-4674.804166666667,1.8722741603851318,5,5635,0.001,22642,48
4437,472.2857142857143,0.05,-4601.8938775510205,2.453840732574463,5,5760,0.001,23142,49
4446,472.84,0.05,-4529.064,3.829447031021118,5,5885,0.001,23642,50
4453,473.37254901960785,0.05,-4460.768627450981,2.0073676109313965,5,6010,0.001,24142,51
4461,473.88461538461536,0.05,-4393.536538461539,2.7298786640167236,5,6135,0.001,24642,52
4468,474.37735849056605,0.05,-4329.141509433963,1.9128880500793457,5,6260,0.001,25142,53
4475,474.85185185185185,0.05,-4272.344444444445,2.633662700653076,5,6385,0.001,25642,54
4481,475.3090909090909,0.05,-4210.734545454546,1.9914507865905762,5,6510,0.001,26142,55
4488,475.75,0.05,-4153.317857142857,2.447018623352051,5,6635,0.001,26642,56
4495,476.17543859649123,0.05,-4099.884210526316,1.8257235288619995,6,6760,0.001,27142,57
4501,476.58620689655174,0.05,-4045.794827586207,1.6831403970718384,6,6885,0.001,27642,58
4507,476.9830508474576,0.05,-3993.8542372881357,2.1044602394104004,6,7010,0.001,28142,59
4512,477.3666666666667,0.05,-3945.735,2.0234928131103516,6,7135,0.001,28642,60
4518,477.73770491803276,0.05,-3895.8065573770496,2.051024913787842,6,7260,0.001,29142,61
4523,478.0967741935484,0.05,-3847.667741935484,2.2208991050720215,6,7385,0.001,29642,62
4528,478.44444444444446,0.05,-3803.6333333333337,3.747382164001465,6,7510,0.001,30142,63
4533,478.78125,0.05,-3756.9390625,3.1040420532226562,6,7635,0.001,30642,64
4537,479.10769230769233,0.05,-3715.5215384615385,1.5336647033691406,6,7760,0.001,31142,65
4541,479.42424242424244,0.05,-3676.413636363636,3.1574792861938477,6,7885,0.001,31642,66
4544,479.7313432835821,0.05,-3638.4268656716413,2.7279257774353027,7,8010,0.001,32142,67
4548,480.02941176470586,0.05,-3596.5632352941175,2.3743717670440674,7,8135,0.001,32642,68
4552,480.3188405797101,0.05,-3558.901449275362,2.5358943939208984,7,8260,0.001,33142,69
4555,480.6,0.05,-3523.742857142857,3.1672427654266357,7,8385,0.001,33642,70
4559,480.8732394366197,0.05,-3490.322535211267,2.073029041290283,7,8510,0.001,34142,71
4563,481.1388888888889,0.05,-3453.804166666667,2.0468950271606445,7,8635,0.001,34642,72
4567,481.3972602739726,0.05,-3418.642465753425,2.1730868816375732,7,8760,0.001,35142,73
4571,481.64864864864865,0.05,-3388.2662162162164,9.34737777709961,7,8885,0.001,35642,74
4574,481.8933333333333,0.05,-3360.5173333333337,2.035922050476074,7,9010,0.001,36142,75
4577,482.13157894736844,0.05,-3331.26052631579,2.4993648529052734,8,9135,0.001,36642,76
4579,482.3636363636364,0.05,-3301.61038961039,3.6176042556762695,8,9260,0.001,37142,77
4581,482.5897435897436,0.05,-3273.1012820512824,2.5993545055389404,8,9385,0.001,37642,78
4583,482.8101265822785,0.05,-3243.816455696203,2.537421226501465,8,9510,0.001,38142,79
4586,483.025,0.05,-3213.4387500000003,3.015726089477539,8,9635,0.001,38642,80
4588,483.2345679012346,0.05,-3186.8209876543215,2.9604732990264893,8,9760,0.001,39142,81
4591,483.4390243902439,0.05,-3161.1829268292686,2.0170276165008545,8,9885,0.001,39642,82
4592,483.6385542168675,0.05,-3135.8927710843377,2.881631374359131,8,10010,0.001,40142,83
4594,483.8333333333333,0.05,-3109.8678571428572,1.920092225074768,8,10135,0.001,40642,84
4597,484.0235294117647,0.05,-3086.7364705882355,2.3708953857421875,8,10260,0.001,41142,85
4599,484.2093023255814,0.05,-3065.74534883721,3.6800687313079834,9,10385,0.001,41642,86
4601,484.39080459770116,0.05,-3042.547126436782,2.6078100204467773,9,10510,0.001,42142,87
4603,484.5681818181818,0.05,-3020.2386363636365,2.4679670333862305,9,10635,0.001,42642,88
4606,484.7415730337079,0.05,-2999.907865168539,1.6272410154342651,9,10760,0.001,43142,89
4609,484.9111111111111,0.05,-2979.291111111111,3.079793930053711,9,10885,0.001,43642,90
4612,485.0769230769231,0.05,-2959.8384615384616,3.9055910110473633,9,11010,0.001,44142,91
4615,485.2391304347826,0.05,-2937.444565217391,1.903802514076233,9,11135,0.001,44642,92
4618,485.39784946236557,0.05,-2917.577419354838,3.0017075538635254,9,11260,0.001,45142,93
4614,485.5531914893617,0.05,-2897.809574468085,3.0075342655181885,9,11385,0.001,45642,94
4616,485.70526315789476,0.05,-2879.976842105263,1.6628332138061523,9,11510,0.001,46142,95
4619,485.8541666666667,0.05,-2861.602083333333,2.7437710762023926,10,11635,0.001,46642,96
4621,486.0,0.05,-2843.198969072165,2.3119399547576904,10,11760,0.001,47142,97
4623,486.14285714285717,0.05,-2824.055102040816,3.02658748626709,10,11885,0.001,47642,98
4625,486.2828282828283,0.05,-2805.853535353535,2.14762282371521,10,12010,0.001,48142,99
4628,486.42,0.05,-2787.9569999999994,2.1051712036132812,10,12135,0.001,48642,100
4630,487.21,0.05,-2608.751,2.393014669418335,10,12260,0.001,49142,101
4632,487.21,0.05,-2431.264,2.6156163215637207,10,12385,0.001,49642,102
